{
  "satellite": {
    "file": "data/ETRI.png",
    "meter_per_pixel": 0.12345679012345678,
    "origin_pixel": [ 126, 503 ],
    "origin_latlon": [ 36.3798103, 127.3656404 ]
  },
  "cameras": [
    {
      "K_ndarray": [
        [ 1096.5373289696195, 0.0, 967.1973480735091 ],
        [ 0.0, 1098.8949696040663, 553.5947382745143 ],
        [ 0.0, 0.0, 1.0 ] ],
      "distort_ndarray": [ -0.32895262915344975, 0.07431375009394157, 0.00229937730428126, 0.000639401514756703 ],
      "ori_ndarray": [
        [ -0.20313053594230568, 0.23230285871519823, -0.9511957565088998 ],
        [ -0.10444026864572382, 0.9607664355156371, 0.25694374223122507 ],
        [ 0.9735657223079501, 0.15153626041091242, -0.17089922799028523 ] ],
      "pos_ndarray": [ 57.350900493848854, -4.991824140186177, 28.082995558856084 ]
    },
    {
      "K_ndarray": [
        [ 1400.5838371059926, 0.0, 957.2372430289909 ],
        [ 0.0, 1401.3547686948536, 524.7637123973072 ],
        [ 0.0, 0.0, 1.0 ] ],
      "distort_ndarray": [ -0.4556199544914749, 0.155565974621896, 0.0020372599440490616, 0.0018087785480455389 ],
      "ori_ndarray": [
        [ -0.35350733514802374, 0.2540604247906933, -0.9002698842856598 ],
        [ -0.15243088566898882, 0.9339021113335326, 0.3234063566798551 ],
        [ 0.9229287020624672, 0.2515554551226081, -0.2914145911023453 ] ],
      "pos_ndarray": [ 24.4967920051422, -4.995776042732809, 28.32123203084775 ]
    },
    {
      "K_ndarray": [
        [ 1303.8198610774505, 0.0, 985.2337645513724 ],
        [ 0.0, 1309.5649286463313, 584.6253651943796 ],
        [ 0.0, 0.0, 1.0 ] ],
      "distort_ndarray": [ -0.4230817064740723, 0.13186171307611377, -0.002609365332684762, -0.0026479992707716627 ],
      "ori_ndarray": [
        [ 0.0032787621768438635, -0.2501301006956654, 0.9682066837429725 ],
        [ 0.0075116559035604685, 0.9681907321913756, 0.25010054203122956 ],
        [ -0.9999664118080039, 0.006452815254184424, 0.005053358400228691 ] ],
      "pos_ndarray": [ -10.213041847229722, -4.008377157190428, 24.169715775662706 ]
    },
    {
      "K_ndarray": [
        [ 1397.2930589482535, 0.0, 957.6112177210567 ],
        [ 0.0, 1399.9229450571133, 520.190811651085 ],
        [ 0.0, 0.0, 1.0 ] ],
      "distort_ndarray": [ -0.4540384976806581, 0.15467637597938824, 0.002621563567281773, 0.001762699748126602 ],
      "ori_ndarray": [
        [ 0.3939217512305987, -0.29898000967914856, 0.869158563048006 ],
        [ 0.04731297227254655, 0.9509595691766495, 0.30567528595897075 ],
        [ -0.917925452617017, -0.07928966895893508, 0.3887492917475567 ] ],
      "pos_ndarray": [ -12.46501699065239, -6.151285118348824, -28.66070175150891 ]
    }
  ]
}
