{
    "satellite": {
        "file": "data/ETRI_221011.png",
        "meter_per_pixel": 0.05976661261355416,
        "origin_pixel": [ 141.7, 745.7 ],
        "origin_lonlat": [ 127.3656466, 36.37980921 ],
        "planes":
        [
            [ 0, 0, 1, 0 ],
            [ -0.009686, -0.0098448, 0.9999, 0.33157 ],
            [ -0.10445, 0.00044756, 0.99453, 4.8329 ]
        ],
        "roads":
        [
            [ 1625, 82, 1574, 155, 1519, 215, 1458, 263, 1392, 297, 1319, 328, 1242, 346, 1163, 357, 1065, 365, 921, 368, 789, 367, 665, 369, 519, 371, 412, 371, 295, 373, 227, 372, 193, 376, 162, 386, 131, 402, 107, 433, 95, 472, 90, 732, 90, 803, 90, 869, 89, 927, 89, 987, 102, 1043, 130, 1083, 175, 1100, 233, 1107, 305, 1108, 411, 1108, 534, 1109, 669, 1110, 804, 1108, 935, 1109 ],
            [ 279, 373, 220, 372, 182, 363, 145, 341, 119, 312, 103, 272, 96, 227, 95, 160, 97, 86 ]
        ]
    },
    "cameras": [
        {
            "name": "CAM0",
            "focal": [ 1096.5373289696195, 1098.8949696040663 ],
            "center": [ 967.1973480735091, 553.5947382745143 ],
            "distort": [ -0.32895262915344975, 0.07431375009394157, 0.00229937730428126, 0.000639401514756703 ],
            "rvec": [ 1.1976992207457242, 1.5989983100884047, -1.1239528803304497 ],
            "tvec": [ -15.569771842670395, -12.236858256166819, 58.25714965982507 ],
            "polygons":
            {
                "1": [ 1308, 416, 710, 352, 0, 579, 0, 747, 358, 980, 567, 1079, 1748, 1079, 1474, 641 ],
                "2": [ 572, 1079, 0, 743, 0, 1079 ]
            },
            "cylinder_file": "ETRI_camera0_cylinder.pickle",
            "cuboid_file": "ETRI_camera0_cuboid.pickle"
        },
        {
            "name": "CAM1",
            "focal": [ 1400.5838371059926, 1401.3547686948536 ],
            "center": [ 957.2372430289909, 524.7637123973072 ],
            "distort": [ -0.4556199544914749, 0.155565974621896, 0.0020372599440490616, 0.0018087785480455389 ],
            "rvec": [ 1.0476925544916598, 1.8256289063101903, -1.1918056880515102 ],
            "tvec": [ -16.570467439767906, -8.0925782338636, 32.368990085469605 ],
            "polygons":
            {
                "1": [ 1919, 758, 491, 335, 0, 373, 0, 1079, 1919, 1079 ]
            },
            "cylinder_file": "ETRI_camera1_cylinder.pickle",
            "cuboid_file": "ETRI_camera1_cuboid.pickle"
        },
        {
            "name": "CAM2",
            "focal": [ 1303.8198610774505, 1309.5649286463313 ],
            "center": [ 985.2337645513724, 584.6253651943796 ],
            "distort": [ -0.4230817064740723, 0.13186171307611377, -0.002609365332684762, -0.0026479992707716627 ],
            "rvec": [ 1.3948183330494806, -1.3648088859999128, 1.0562450704399273 ],
            "tvec": [ 22.910418752734678, 1.0891085279229296, 10.867176483540057 ],
            "polygons":
            {
                "1": [ 349, 535, 1526, 505, 1224, 341, 870, 343 ],
                "2": [ 929, 344, 1109, 343, 1063, 302, 972, 279, 850, 268, 935, 314 ]
            },
            "cylinder_file": "ETRI_camera2_cylinder.pickle",
            "cuboid_file": "ETRI_camera2_cuboid.pickle"
        },
        {
            "name": "CAM3",
            "focal": [ 1035.2111098507053, 1040.5418657944062 ],
            "center": [ 959.5, 539.5 ],
            "distort": [ -0.46, 0.1544379371595518, 0, 0 ],
            "rvec": [ 1.645995143608097, -1.0904569931578785, 0.6557842130340368 ],
            "tvec": [ -19.989056917690867, -0.5546114304966302, 21.050400994561357 ],
            "cylinder_file": "ETRI_camera3_cylinder.pickle",
            "cuboid_file": "ETRI_camera3_cuboid.pickle"
        }
    ]
}
